g_diagnosis,severity
Left calf muscle injury,S2
Cystitis without infection,S2
Otalgia,S2
Bilateral otitis media,S3
"Scleroderma, familial progressive",S8
Benign paroxysmal positional vertigo,S3
Viral infection,S2
Right middle finger sprain,S1
Foodborne illness,S2
Epidermolytic palmoplantar keratoderma,S7
Left pelvic contusion,S1
Left paracentral disc herniation,S4
IgG4 related disease,S7
Oral candidiasis,S3
Ataxia-hypogonadism-choroidal dystrophy syndrome,S8
Right suppurative otitis media,S3
Left leg pain,S1
Acute appendicitis,S5
Mild head trauma,S2
methylene tetrahydrofolate reductase deficiency,S8
Appendicitis,S5
Fracture of left toe,S3
Right-sided pneumonia,S4
Cardiofaciocutaneous syndrome 1,S8
Alpha-thalassemia-X-linked intellectual disability syndrome,S8
Frontal cephalohematoma,S3
Varicose veins,S2
"Myasthenic syndrome, congenital, 8",S8
Left elbow bursitis,S2
Post-traumatic arthritis of third toe,S2
Index finger contusion,S1
Arm pain,S1
Left dorsalgia,S2
Abdominal wall pain,S2
Left ankle contusion,S1
Mildly decompensated heart failure,S6
Sinus bradycardia,S3
Tuberous sclerosis-1,S8
Right arm pain,S1
Methylmalonic aciduria,S8
Hereditary hyperekplexia,S7
Focal segmental glomerulosclerosis 1,S7
Hordeolum on left eyelid,S1
Left second toe contusion,S1
Allergic skin reaction,S2
Calcific tendinitis,S3
Thrombotic thrombocytopenic purpura,S9
Acute vomiting syndrome,S3
Inguinal hernia,S4
Suspected acute appendicitis,S5
Subconjunctival hemorrhage,S2
"Hypotrichosis, congenital, with juvenile macular dystrophy",S7
Hip pain,S2
Puncture wound of left hand,S2
Mild bronchial hyperreactivity,S3
Influenza syndrome,S3
Renal colic,S4
Upper respiratory tract disease,S2
Acute pyelonephritis,S5
Peanut-induced anaphylaxis,S6
Lip angioedema,S4
Bullous impetigo,S3
Right second finger contusion,S1
Acute viral conjunctivitis,S2
Traumatic arthritis of left second toe,S2
Oral cavity infection,S3
Acute bronchospasm with respiratory insufficiency,S6
Intercostal muscle strain,S2
Familial cold autoinflammatory syndrome 4,S7
Post-traumatic olecranon bursitis,S2
Sinus tachycardia,S3
Infectious gastroenteritis,S3
"Conjunctival hemorrhage, right eye",S2
Acute otalgia,S2
Type 2 diabetes mellitus,S4
Clavicle fracture,S4
Bardet-Biedl syndrome 1,S8
"Wound care, left index finger",S1
Shprintzen-Goldberg craniosynostosis syndrome,S8
Hypoxemic respiratory failure,S7
Oral herpes,S2
Cerebrovascular accident,S6
Acute sinusitis,S3
Epistaxis,S2
Skeletal dysplasia,S7
"Waardenburg syndrome, type 3",S7
Cervicogenic dizziness,S3
"Fanconi anemia, complementation group C",S8
Right lobar pneumonia,S4
Acne lesion infection,S2
Diarrheal syndrome,S2
"Multiple system atrophy, parkinsonian type",S8
AGel amyloidosis,S8
Right foot tarsal sprain,S1
"Rhabdomyolysis, cardiac arrhythmias, and neurodegeneration",S9
Acute kidney injury,S6
"Neurodevelopmental disorder with progressive microcephaly, spasticity, and brain anomalies",S9
Influenza A,S3
Abdominal colic,S2
Resolved hypertensive urgency,S4
Bilateral knee osteoarthritis,S3
Left eyebrow wound,S1
Schinzel-Giedion syndrome,S9
Skin lesion,S2
Rule out heart failure,S6
Hepatic mass,S7
Blepharitis,S2
Traumatic conjunctival erosion,S3
Thyroglossal cyst,S3
CEDNIK syndrome,S9
Left toe contusion,S1
DYRK1A-related intellectual disability syndrome,S8
Left shoulder trauma,S2
Thumb subluxation,S3
Cystitis,S3
Mild conjunctivitis,S2
Frontal wound,S1
Right frontal sinusitis,S3
Left great toe fracture,S3
Tyrosine transaminase deficiency,S8
Fracture of shaft of left ulna and radius,S4
Splenomegaly,S5
"Acute conjunctivitis, right eye",S2
Symptomatic rhizarthrosis,S3
Synovitis,S3
Nonspecific dizziness,S2
Buerger disease,S6
"Wrist contusion, right",S1
Epigastric pain,S2
Mild hepatitis,S3
Hyperglycemia,S3
Bronchitis,S3
Kufor-Rakeb syndrome,S8
Post-traumatic arthritis,S4
Ileocolitis,S4
Knee sprain,S2
Corneal ulcer,S5
Fall,S2
Left eyelid blepharitis,S2
Right renal colic,S4
Facial abscess,S3
Neurodevelopmental abnormalities,S6
"Osteogenesis imperfecta, type VIII",S8
Alagille syndrome 1,S8
Menopausal state,S1
Viral illness,S2
Joubert syndrome 30,S8
Anal pruritus,S1
Acute suppurative tonsillitis,S3
Loeys-Dietz syndrome 4,S8
Middle phalanx fracture,S3
Carnitine palmitoyl transferase 1A deficiency,S8
Resolving viral illness,S1
Viral upper respiratory infection,S2
Migraine with aura,S3
Pediculosis,S1
Wide QRS tachyarrhythmia,S7
Dermatomycosis,S2
Left eye conjunctival hemorrhage,S2
Right little finger contusion,S1
Anemia in pregnancy,S4
Mechanical neck pain,S2
Otitis serosa,S2
Grade I ankle sprain,S2
Pressure ulcer,S4
Subungual hematoma of thumb,S2
"Systemic lupus erythematosus, 6",S7
Meningioma,S6
Metabolic encephalomyopathic crises,S8
Right Achilles tendinopathy,S2
Febrile presyncope,S3
Acromicric dysplasia,S8
Gastroenteritis complicating pregnancy,S4
Thumb infection,S3
Alpha-Methylacetoacetic aciduria,S8
Soft tissue edema,S2
Left rib trauma,S2
Acute nasopharyngitis,S2
intragenic deletion,S8
Rib trauma,S2
Left renal colic,S4
Renoureteral colic,S4
Mucopolysaccharidosis type 2,S8
Orbital trauma,S5
Umbilical granuloma,S2
Abdominal aortic aneurysm,S7
Right rib contusion,S2
Metatarsalgia,S2
Mild TBI,S4
"Palmoplantar keratoderma, epidermolytic",S6
Right knee patellar tendinitis,S2
Dysphagia,S3
Ocular discomfort,S2
Mild ankle contusion,S1
Acute gastroenteritis,S3
Rheumatoid factor-negative polyarticular juvenile idiopathic arthritis,S6
Left leg periostitis,S3
Bilateral pulmonary embolism,S7
Intercostal muscle tear,S3
Flatulence,S1
Bilateral thigh tendinitis,S3
Gonarthrosis,S4
Musculoskeletal pain,S2
Conjunctival laceration,S2
Ingrowing nail,S1
"Spondyloarthropathy, 1",S5
Megaloblastic anemia 1,S4
Hypoactive confusional syndrome,S5
Bilateral pneumonia,S6
Kabuki syndrome 2,S8
"Sarcoidosis, 2",S6
Fanconi-Bickel syndrome,S8
"Renal cell carcinoma, nonpapillary",S7
Temporal arteritis,S6
beta,S0
Isovaleric acidemia,S8
Right thumb contusion,S1
Bladder lesion,S5
Tongue wound,S2
Biliary colic,S4
Ligament sprain,S2
Porphyria,S7
Left eye vitreous detachment,S4
SARS-CoV-2 infection,S5
Glycogen storage disease III,S8
Immunoskeletal dysplasia,S8
THOC6-related developmental delay-microcephaly-facial dysmorphism syndrome,S9
"Spondyloarthropathy, 2",S5
Hajdu-Cheney syndrome,S8
"Hyperoxaluria, primary, type II",S8
Upper gastrointestinal bleeding,S6
Contusion of right forearm,S1
Hepatolenticular degeneration,S8
Right foot burn,S3
"Trochanteric bursitis, right hip",S3
"Ectodermal dysplasia 9, Hair",S7
Right leg contusion,S1
Inclusion body myopathy,S7
Immunoglobulin A vasculitis,S6
Lower lip wound,S2
Ankle arthritis,S4
Right external otitis,S2
Left heel contusion,S1
Papillon-Lefevre syndrome,S8
Rectal bleeding,S5
Pelvic contusion,S2
Possible allergic reaction,S3
Bacterial conjunctivitis,S2
"Multiple system atrophy, cerebellar type",S8
"Familial Mediterranean fever, AD",S7
Glycogen storage disease Ia,S8
Acute mechanical cervicalgia,S3
Omphalitis,S4
Pelvic tendinitis,S3
Smith-Lemli-Opitz syndrome,S8
Cervical adenitis,S3
Dyggve-Melchior-Clausen disease,S8
Suspected impacted left hip fracture,S6
Calf muscle injury,S2
Craniofrontonasal dysplasia,S8
Left eye stye,S1
Infectious mononucleosis,S3
Facial swelling,S2
Diverticulosis,S4
COVID-19 pharyngitis,S4
Right hamstring muscle lesion,S2
Tick bite,S2
Pulmonary fibrosis,S7
Sensory neuropathy,S5
Multiple endocrine neoplasia 1,S8
Acute dacryocystitis,S3
Nonspecific viral infection,S2
Rib fracture,S3
Spastic cough,S2
L1 vertebral compression fracture,S5
"Leukocyte adhesion deficiency, type III",S9
Oral aphthosis,S2
Possible epiphysiolysis of fibula,S5
Inflammatory bowel disease,S6
Right index finger wound,S2
"Puncture wound, left hand",S2
Edema,S3
Choreoacanthocytosis,S8
Viral wart,S1
Smith-Kingsmore syndrome,S8
Hypernatremic dehydration,S6
Hamstring tendinitis,S3
Colicky abdominal pain,S3
Loeys-Dietz syndrome,S8
Scleroderma,S7
X-linked hypohidrotic ectodermal dysplasia,S7
Hypertensive heart failure,S7
Nasal fracture,S3
"Myopathy, myofibrillar, 1",S7
Subungual hematoma of fifth finger,S2
Wound sepsis,S5
Microcephaly-Capillary malformation syndrome,S9
Incipient hordeolum,S1
Cat bite injury,S3
Musculoskeletal chest pain,S2
Left ankle trauma,S3
Post-surgical wound,S4
Right acute otitis media,S3
Left elbow contusion,S2
Pityriasis rosea,S2
Left hand synovitis,S3
CTCF-related neurodevelopmental disorder,S8
Zygomatic arch fracture,S4
liver glycogen phosphorylase deficiency,S8
Laryngotracheitis,S4
"Methylmalonic aciduria, vitamin B12-responsive, cblB type",S7
Cerebrocostomandibular syndrome,S8
Complicated acute diverticulitis,S6
Right elbow bursitis,S3
Calcific tendinitis of shoulder,S3
Community-acquired pneumonia,S5
Desmosterolosis,S9
"Vasculitis, autoinflammation, immunodeficiency, and hematologic defects syndrome",S8
Abdominal muscle contracture,S3
Chronic rhinitis,S2
Glutathione synthetase deficiency,S8
Beta-ketothiolase deficiency,S8
Left knee meniscopathy,S3
Post-traumatic arthritis of trapeziometacarpal joint,S3
Retinitis pigmentosa 78,S7
Muscle tear,S3
Acute lower respiratory infection,S4
Galactosemia,S7
Laryngitis,S3
Oral thrush,S2
Streptococcal respiratory infection,S3
Paronychia,S2
Fifth metacarpal fracture,S4
L3 vertebra fracture,S5
Right humerus fracture,S4
Phenylketonuria,S7
Rotator cuff injury,S3
Classic homocystinuria,S7
Dyspepsia,S2
Catecholaminergic polymorphic ventricular tachycardia,S9
EP300 haploinsufficiency,S8
Acute otitis,S3
Scarlet fever rash,S3
Enthesopathy of left knee,S3
methylmalonyl-coa mutase deficiency,S8
Acute vaginitis,S3
Genitourinary discomfort,S2
Actinic keratitis,S2
Humerus fracture,S4
Blister on lower leg,S2
Sacro-coccygeal contusion,S2
Focal segmental glomerulosclerosis 2,S7
Balanopreputial dermatitis,S2
Right lower lobe pneumonia,S5
Acute left otitis media,S3
Herpes labialis,S2
Coccygeal contusion,S2
Autosomal recessive Robinow syndrome,S8
Premature depolarization,S4
Stankiewicz-Isidor syndrome,S8
Generalized xerosis,S2
Asthma,S5
Ovulatory pain,S2
Sensory disturbance,S3
Schinzel-Giedion midface-retraction syndrome,S9
Resolved otitis,S2
Basicervical fracture of left humerus,S5
Inclusion body myopathy with Paget disease of bone and frontotemporal dementia,S8
Orofaciodigital syndrome V,S8
Insect bite,S2
Conjunctival irritation,S2
Mechanical cervicalgia,S3
Rib contusion,S3
Growth hormone deficiency,S7
Incised wound of left thumb,S2
Right shoulder contusion,S2
Hemotympanum,S3
Post-circumcision,S2
Acute otitis media of left ear,S3
Metabolic acidosis,S6
Untreated hypertension,S5
Nemaline myopathy 1,S8
Moderate bronchospasm,S4
Neuritis,S3
Cervicalgia,S3
Right hand bite wound,S3
Inguinal pain,S2
Isolated glycerol kinase deficiency,S8
Anemia syndrome,S4
Right lower limb abscess,S4
Posterior tibial overload,S3
Left knee pain,S2
Acute cystitis,S3
"Severe combined immunodeficiency, autosomal recessive, T cell-negative, B cell-negative, NK cell-negative",S10
Left knee meniscus injury,S3
Right pyramidal syndrome,S6
Muscle contracture pain,S3
Chronic pelvic pain syndrome,S3
Traumatic arthritis of left foot,S3
Irritable bowel syndrome,S3
Oral stomatitis,S2
Lumbar disc disorder,S3
Recurrent joint dislocation,S3
Parapneumonic pleural effusion,S5
Cataracts,S4
Liver disease,S6
Waardenburg syndrome type 3,S8
"Spondylocostal dysostosis, autosomal recessive 1",S9
Thoracic trauma,S5
Left-sided lumbosciatica,S3
Acute bronchiolitis due to RSV,S4
Right foot trauma,S2
Urethral bleeding,S4
"Parkinson disease 15, autosomal recessive early-onset",S7
Rheumatoid arthritis,S5
Treacher collins syndrome 2,S8
Right pertrochanteric fracture,S5
Short PR interval,S3
Rotator cuff tear,S3
Larsen syndrome,S8
Indigestion,S1
Cluster headache,S4
Foot wound,S2
Fracture of middle phalanx of left fifth toe,S2
Bilateral cerumen impaction,S1
Eyebrow wound,S1
Limited cutaneous systemic sclerosis,S6
Mechanical cervicodorsalgia,S3
Left lower limb trauma,S3
"Myasthenic syndrome, congenital, 9, associated with acetylcholine receptor deficiency",S9
Granulomatosis with polyangiitis,S7
"Cutis laxa, autosomal recessive, type IID",S8
Renal infarction,S6
Left fifth finger dislocation,S2
Right wrist contusion,S2
Acute streptococcal pharyngitis,S3
Eye irritation,S1
Right lower eyelid fasciculations,S1
"Acromioclavicular dislocation, right shoulder",S3
Carbamoyl-phosphate synthetase 1 deficiency,S9
Hip osteoarthritis,S4
"Heterotaxy, visceral, 1, X-linked",S9
Sexually transmitted disease,S4
Symptomatic diverticulosis,S4
Postoperative pain,S3
Pericarditis,S5
Anaphylactoid reaction,S6
Left rib contusion,S2
Behcet disease,S6
Acute intermittent porphyria,S8
"Ectodermal dysplasia 1, hypohidrotic, X-linked",S8
Tyrosinemia type 2,S8
Right lumbosciatica,S3
Left thumb wound,S2
liver and muscle phosphorylase kinase deficiency,S9
Dihydropyrimidine dehydrogenase deficiency,S9
Influenza,S3
Systemic-onset juvenile idiopathic arthritis,S7
Sutured hand wound,S2
Finger fracture,S3
Right elbow contusion,S2
Hordeolum,S1
Adductor tendinitis,S2
Right ear dermatitis,S1
Shoulder trauma,S3
Dilated cardiomyopathy,S7
Shoulder contusion,S2
Foreign body in ear,S1
"Stickler syndrome, type V",S8
Mild bronchiolitis,S3
Right eyelid superficial injury,S1
Vitiligo-Associated multiple autoimmune disease,S6
Ocular hemorrhage,S4
Acute laryngitis,S3
Oliver-Mcfarlane syndrome,S8
Autosomal dominant spastic paraplegia type 10,S7
Autosomal dominant centronuclear myopathy,S7
Acute upper respiratory infection,S2
Severe congenital neutropenia,S8
Mild to moderate bronchial hyperreactivity,S3
Autosomal dominant dopa-responsive dystonia,S7
Otitis media,S3
Focal segmental glomerulosclerosis 9,S8
Argininosuccinic aciduria,S9
Impacted cerumen,S1
Barotrauma,S3
Respiratory infection with bronchospasm,S4
Episcleritis,S2
Horner's syndrome,S4
Chest pain,S3
Jaundice,S4
Acute orchitis,S3
Noonan syndrome 6,S8
Viral conjunctivitis,S2
Right pleural effusion,S5
Perrault syndrome 1,S8
Patellar chondropathy,S3
Acute abdomen,S6
Prader-Willi syndrome,S8
Toothache,S1
Right Achilles tendinitis,S2
Left sciatica,S3
Hematoma,S2
Head injury,S4
"Maturity-onset diabetes of the young, type 1",S5
Bursitis,S2
Long QT syndrome 14,S7
Hypokalemia,S4
Sialolithiasis,S3
Tietz albinism-deafness syndrome,S8
Quadriceps muscle tear,S3
Suture removal,S1
Post-infectious cough,S2
Gastroesophageal reflux,S2
Quadriceps rupture,S4
Meniere's disease,S4
Left thumb laceration,S1
Syndactyly-telecanthus-anogenital and renal malformations syndrome,S8
Testicular mass,S4
Right second finger wound,S1
Systemic lupus erythematosus,S6
Proximal humerus fracture,S4
Furuncle of right lower limb,S2
Bronchospasm,S3
"Sarcoidosis, 1",S5
Infection,S3
Transient hip synovitis,S3
Acute mechanical dorsalgia,S2
X-linked hypophosphatemia,S7
Complicated urinary tract infection,S4
Cervical contracture,S2
Lingual ulcer,S2
Acute urticaria,S2
Herpes zoster,S3
Right second finger pustule,S1
"Diarrhea 8, secretory sodium, congenital",S8
Open wound of left hand,S2
Sciatic nerve lesion,S4
Citrullinemia,S8
"3-@methylglutaconic aciduria, type IV",S8
Arthritis,S3
Chronic knee pain,S2
Mucolipidosis type II,S9
Congenital disorder of deglycosylation 1,S9
Left basal pneumonia,S4
Nonspecific viral illness,S2
adenosine deaminase deficiency,S8
Corneal foreign body,S2
Focal segmental glomerulosclerosis 6,S8
Post-traumatic left knee pain,S2
Bardet-Biedl syndrome 4,S8
Left knee meniscal injury,S3
Freeman-Sheldon syndrome,S8
Blunt chest trauma,S4
Left ring finger sprain,S2
Pangastritis,S3
Diamond-Blackfan anemia 1,S8
Post-traumatic arthritis of the third finger,S3
Hyponatremia,S4
Extensor tenosynovitis of left wrist,S3
Charge syndrome,S8
Hypertrophic scar,S2
Sesamoiditis,S2
CODAS syndrome,S8
Vasovagal episode,S2
"Osteogenesis imperfecta, type XIV",S8
Acute viral gastroenteritis,S2
Possible glenohumeral dislocation,S4
Bronchiectasis infection,S5
Constipation,S2
Hordeolum of left eyelid,S2
Inguinal tendinitis,S2
Metatarsophalangeal arthritis,S3
Fabry disease,S8
Left knee osteoarthritis,S3
Perianal cellulitis,S3
Canavan disease,S9
GAPO syndrome,S8
Mild acute bronchiolitis,S3
Neuropathic ankle pain,S3
Recurrent metabolic encephalomyopathic crises-rhabdomyolysis-cardiac arrhythmia-intellectual disability syndrome,S9
Localized scleroderma,S5
Neurofibromatosis type 1,S6
Oral laryngitis,S2
Bardet-Biedl syndrome 2,S8
"Robinow syndrome, autosomal recessive",S8
Mesenteric adenitis,S3
D-2-Hydroxyglutaric aciduria 1,S9
Urethritis,S2
Geleophysic dysplasia 1,S9
Tinnitus,S2
Postherpetic neuralgia,S3
"Palmoplantar keratoderma, punctate type IA",S3
Visual acuity alteration,S2
Secondary respiratory failure,S6
Acute cervicalgia,S2
Acenocoumarol overdose,S4
Sjogren syndrome,S5
Cervicodorsal contracture,S2
Right finger paronychia,S2
"Cockayne syndrome, type B",S9
Moderate symptomatic hyponatremia,S4
Right thumb sprain,S1
Intervertebral disc disorder,S3
Supraventricular extrasystole,S3
Intellectual developmental disorder with dysmorphic facies and behavioral abnormalities,S7
Osteochondroma,S2
Secondary neutropenia,S5
Left leg contusion,S1
"Congenital disorder of glycosylation, type Il",S9
"Myopathy, distal, Tateyama type",S8
Mechanical dorsal pain,S2
"Cardiomyopathy, familial restrictive, type 1",S8
Frozen shoulder,S3
"Methylmalonic aciduria and homocystinuria, Cblc type",S9
Thigh trauma,S2
Mild wrist contusion,S1
Head contusion,S2
Spinal muscular atrophy-progressive myoclonic epilepsy syndrome,S9
Evolving hematoma,S3
Lower urinary tract infection,S3
Hearing loss,S4
Senile dementia,S5
Aortic dissection,S8
Frontal trauma,S2
"Polymicrogyria, bilateral frontoparietal",S8
"Ehlers-danlos syndrome, type I",S7
Oculocutaneous albinism type 3,S6
Left blepharoconjunctivitis,S2
Left otitis,S2
Whipple disease,S7
Influenza with respiratory manifestations,S3
Chondromalacia,S3
Facial injury,S2
"Trichothiodystrophy 3, photosensitive",S8
Left ear otalgia,S1
Humeral head fracture,S4
Multiple contusions,S2
Folliculitis,S1
Biceps tendon rupture,S4
Retroauricular impetigo,S2
Pulmonary tuberculosis,S7
Left intercostal pain,S2
SAPHO syndrome,S6
"Cryoglobulinemia, familial mixed",S6
Impetigo,S1
Homocysteinemia,S5
Left leg wound,S2
"Amyloidosis, Finnish type",S8
Left transcervical fracture,S5
Systemic lupus erythematosus 16,S7
Tenosynovitis,S3
Traumatic knee synovitis,S3
Vaccination reaction,S2
Glycogen storage disease type IXb,S8
"Cateeholaminergic polymorphic ventricular tachycardia, CPVT",S8
Left foot trauma,S2
Sick sinus syndrome 2,S6
SSc,S7
Infected pilonidal cyst,S3
Right serous otitis media,S2
Left elbow sprain,S1
Ingrown toenail,S1
Left ear wound,S2
Hereditary fructose intolerance,S7
Unilateral primary osteoarthritis of knee,S4
Left fourth finger contusion,S1
Otitis media with effusion,S2
"Carnitine deficiency, systemic primary",S8
Left serous otitis,S2
Acute pharyngitis,S2
Febrile syndrome of urinary origin,S3
Subacute pharyngitis,S2
Venous insufficiency,S3
Left knee enthesopathy,S3
Left elbow olecranon bursitis,S3
Intestinal obstruction,S6
Hypoactive confusional syndrome secondary to the previous,S5
Wound,S2
Methylmalonate semialdehyde dehydrogenase deficiency,S8
Right eye conjunctivitis,S2
Structural heart defects and renal anomalies syndrome,S8
Right eyelid swelling,S2
Werner syndrome,S7
Right great toe contusion,S1
"Spinocerebellar ataxia, autosomal recessive 20",S8
Left ear acute otitis media,S2
Hemorrhoidal bleeding,S3
"Osteogenesis imperfecta, type XI",S8
Acute knee pain,S2
Eczematous dermatitis,S2
Infected pilonidal sinus,S3
"Microcephaly 5, primary, autosomal recessive",S8
Diffuse cutaneous systemic sclerosis,S8
Internal knee compartment lesion,S3
"Parkinson disease 23, autosomal recessive early-onset",S7
Noonan syndrome 3,S7
Classical-like Ehlers-Danlos syndrome type 2,S7
COVID-19 infection,S4
Allergic bronchial hyperreactivity,S3
Holoprosencephaly 5,S8
Gonorrhea,S3
"3-methylglutaconic aciduria, type I",S9
Facial pain,S2
Geleophysic dysplasia 2,S8
Wrist arthritis,S3
Alagille syndrome,S7
Pelvic inflammatory disease,S4
"Periodic fever, familial, autosomal dominant",S6
"Cholestasis, progressive familial intrahepatic 4",S7
Brugada syndrome 1,S8
HNF1B-related autosomal dominant tubulointerstitial kidney disease,S7
Dislocation of left little finger,S2
Left little finger sprain,S1
Acute tracheitis,S3
Developmental and epileptic encephalopathy 28,S8
NKX6-2-related autosomal recessive hypomyelinating leukodystrophy,S9
"Neurofibromatosis, type I",S6
First-degree ankle sprain,S1
Pneumothorax,S5
Pierpont syndrome,S8
Intercostal muscle rupture,S3
Gastrocnemius muscle tear,S3
Anxiety crisis,S2
Transverse patellar fracture,S4
"Homocystinuria, type cblC",S8
"Cardiomyopathy, dilated, 1G",S7
Perianal abscess,S3
Distal myotilinopathy,S7
Fever,S2
Lumbar contusion,S2
Retinitis pigmentosa,S6
Hordeolum of the left eye,S2
COVID-19,S5
Left hip bursitis,S3
Eosinophilic esophagitis,S4
Muscle fiber rupture,S3
Gingivitis,S2
Bilateral otitis externa,S2
Acute low back pain,S2
Cognitive impairment,S6
Mild heart failure,S5
Left conjunctival hemorrhage,S1
Chronic visceral acid sphingomyelinase deficiency,S8
Right thigh wound,S2
"Mitochondrial complex IV deficiency, nuclear type 1",S9
Persistent cough,S2
Enteritis,S3
PLAA-associated neurodevelopmental disorder,S8
Foot abrasion,S1
Primary carnitine deficiency,S7
Primary hyperoxaluria type 2,S8
Polymyositis,S6
Migraine crisis,S3
Ataxia-oculomotor apraxia type 1,S7
Upper respiratory tract infection,S2
Bronchopneumonia,S4
Knee prosthesis infection,S5
Right middle finger wound,S1
Right ear laceration,S2
Chin wound,S1
Heart failure exacerbation,S6
Chronic chest pain,S3
"Congenital disorder of glycosylation, type Ia",S8
Long QT syndrome 15,S7
Occipital neuralgia,S3
Knee enthesopathy,S3
Distal phalanx fracture,S2
Chronic low back pain,S3
Inguinoscrotal hematoma,S3
nail type,S0
Second-degree burn of forearm,S4
Pleuritis,S3
Ear disorder,S2
Osteoporosis,S4
Mitochondrial DNA depletion syndrome 3 (hepatocerebral type),S9
Lumbosacral trauma,S3
Atrial fibrillation,S5
Gitelman syndrome,S7
Parasitism,S3
Plantar fasciitis,S3
Acute bronchitis,S3
Hand-foot-mouth disease,S2
Cervicodorsalgia,S3
X-linked creatine transporter deficiency,S8
Acute vomiting,S2
Lumbar muscle contracture,S2
Autosomal recessive Stickler syndrome,S7
Left foot contusion,S2
Cervical discopathy,S4
Right third toe contusion,S2
Knee contusion,S2
Chronic kidney disease,S5
Foot hematoma,S2
Familial cold inflammatory syndrome 1,S6
Leukocyte adhesion deficiency type II,S8
Serous otitis,S2
Right ankle contusion,S2
Prostatitis,S3
Lumbar spondylosis,S3
Fever of unknown origin,S3
Adenoiditis,S2
Sciatica,S2
Post-traumatic arthritis of left fifth finger,S2
Right adnexal pathology,S4
"Mental retardation, autosomal recessive 38",S8
Right middle finger contusion,S1
Sinusopathy,S2
Polytrauma,S7
Finger pain,S1
"Acute otitis media, left ear",S3
Ileostomy,S6
Unstable angina,S6
Syncope,S4
Adductor muscle tear,S3
Abdominal pruritus,S1
Brachydactyly-short stature-retinitis pigmentosa syndrome,S8
Neuropathic pain,S4
Right pneumonia,S5
Hemorrhoids,S2
Hyperuricemia,S3
Left eyelid trauma,S2
Holocarboxylase synthetase deficiency,S9
STEMI myocardial infarction,S7
Cervical whiplash,S3
Frontal contusion wound,S2
Mandibular fracture,S5
Shoulder pain,S2
Anemia,S4
Right foot friction burn,S2
Parotitis,S3
Possible urinary infection,S2
"Bleeding disorder, platelet-type, 17",S8
Left fifth metacarpal fracture,S3
Glutaric acidemia I,S9
Post-traumatic cervicalgia,S3
Uncomplicated flu syndrome,S2
Orotic aciduria,S8
Foot tendinitis,S2
Acute bronchospasm,S4
Right foot sprain,S2
Right hand contusion,S1
Tracheitis,S3
Ileitis,S4
Right corneal erosion,S3
Acute renal insufficiency,S6
Retinitis pigmentosa 27,S8
Right radius fracture,S4
Systemic primary carnitine deficiency,S9
"Cutis laxa, autosomal recessive, type IIC",S8
Gastroenteritis,S3
Eyelid eczema,S2
Costal pain,S2
Post-traumatic low back pain,S3
Confusional state,S4
Right ear otitis media,S3
Medial gastrocnemius muscle tear,S3
Urinary retention,S4
Esophagitis,S3
Recurrent abdominal pain,S3
Iliotibial band syndrome,S2
Ocular trauma,S4
"Arthrogryposis, distal, with impaired proprioception and touch",S8
Stickler syndrome type 1,S8
Contused wound,S2
Abdominal pain due to gas,S1
Amyotrophic lateral sclerosis type 4,S9
Toe contusion,S1
Thoracic vertebra fracture,S5
Right knee trauma,S3
Chondropathy,S3
Frontotemporal dementia 1,S9
Cervical torticollis,S3
Thumb tenosynovitis,S2
Viral bronchitis,S2
Right otitis externa,S2
Temtamy preaxial brachydactyly syndrome,S8
Paresthesia,S2
Shprintzen-Goldberg syndrome,S8
Bilateral acute otitis media,S3
"Antiphospholipid syndrome, familial",S8
Superficial hand wound,S1
First-degree wrist burn,S2
Unilateral primary osteoarthritis of left knee,S3
Skeletal anomalies,S4
Allergic dermatitis,S2
Townes-Brocks syndrome 1,S8
Right knee osteochondritis dissecans,S4
"Myotonia congenita, autosomal dominant",S8
Pterygium,S2
Myalgia,S2
Weill-Marchesani syndrome 1,S8
Nasal trauma,S2
Severe asthma attack,S6
Ovarian pain,S3
"Epidermolysis bullosa, junctional, Herlitz type",S9
Post-traumatic left shoulder arthropathy,S3
Hidradenitis suppurativa,S3
Fracture of fourth finger of left hand,S3
Cerebral creatine deficiency syndrome 1,S9
Fever under investigation,S3
Palpitations,S3
Osteonecrosis,S6
Fibromyalgia,S4
Acute atopic conjunctivitis,S2
Generalized myasthenia gravis,S7
Left acute otitis media,S3
Possible urinary tract infection,S3
No se extrajeron diagn√≥sticos,S0
Mild ankle sprain,S2
"Neurodevelopmental disorder, eye",S5
Right toe cellulitis,S3
Right pubic ramus fracture,S4
Gastroesophageal reflux disease,S3
Traumatic arthritis of fifth finger,S3
Contusion of right fifth toe,S2
Neurodegeneration with brain iron accumulation 2B,S8
Dermatitis,S2
"Carnitine palmitoyl transferase II deficiency, myopathic form",S8
Food poisoning,S3
Facial impetigo,S3
Radius fracture,S4
"Neuropathy, hereditary, with liability to pressure palsies",S5
Relapsing polychondritis,S6
"Elbow contusion, right",S2
Jervell and Lange-Nielsen syndrome 1,S8
Combined oxidative phosphorylation deficiency 30,S9
Very long chain acyl-CoA dehydrogenase deficiency,S9
Severe ankle sprain,S4
Shoulder lesion,S3
Chronic ischemic heart disease,S6
Paresis,S5
"Intellectual developmental disorder, autosomal dominant 21",S5
Oral infection,S3
Recurrent streptococcal pharyngitis,S3
Mucolipidosis type IV,S9
Dihydropyrimidinuria,S8
Leg contusion,S2
"Stickler syndrome, type IV",S6
Right earwax impaction,S1
Acute otitis externa,S3
Wound on fourth finger of right hand,S2
Finger laceration,S2
Right shoulder pain,S3
Dog bite on right hand,S3
Sprain,S2
Functional dyspepsia,S3
Left tympanic membrane perforation,S4
Hordeolum externum,S2
Contusion of left thumb,S2
Intercostal pain,S3
3-methylcrotonyl-CoA carboxylase deficiency,S8
Acute pancreatitis,S6
Post-circumcision status,S2
Grade I left ankle ligament sprain,S2
Alpha-Thalassemia,S5
Severe combined immunodeficiency,S9
Finger sprain,S2
Right leg wound,S2
Infected surgical wound,S4
"Cortical dysplasia, complex, with other brain malformations 7",S8
Acromioclavicular osteoarthritis,S3
Ocular prosthesis infection,S4
Post-traumatic monoarthritis,S3
Left lower leg contusion,S2
Pleural effusion,S6
Right calf muscle injury,S3
"Paronychia, right hand",S2
Hypochondroplasia,S6
Nonspecific abdominal pain,S3
Right-sided chest pain,S3
Nursemaid's elbow,S3
Panic attacks,S3
Lateral gastrocnemius muscle tear,S3
Trichohepatoenteric syndrome 1,S9
Atypical chest pain,S3
Vertiginous syndrome,S3
Mild congestive heart failure,S6
"Erythermalgia, primary",S6
Cholecystitis,S5
Hand wound,S2
Intercostal strain,S3
Mesenteric panniculitis,S6
Post-surgical scrotal edema,S3
Retinitis pigmentosa 11,S7
Left otitis externa,S3
Left middle finger sprain,S2
Viral pharyngitis,S2
Right leg cellulitis,S4
"Spondylometaphyseal dysplasia, Sedaghatian type",S9
Left foot toe trauma,S2
Balanitis,S2
Hyperkalemia,S5
cystathionine beta-synthase deficiency,S8
Alacrimia-choreoathetosis-liver dysfunction syndrome,S9
Hyperphenylalaninemia,S8
NF1 mutation,S6
Post-traumatic anserine tendinitis,S3
"Stickler syndrome, type III",S6
Glycerol kinase deficiency,S8
Prescription renewal,S0
Posttraumatic hematoma in anticoagulated patient,S5
Bilateral community-acquired pneumonia,S5
Intractable vomiting,S4
Branchial cleft cyst,S3
Finger wound,S1
Medial epicondylitis,S2
Retinitis pigmentosa 18,S8
Resolved patellar dislocation,S1
Allergic cough,S1
Testicular pain,S3
Post-infectious irritative cough,S2
Surgical wound seroma,S4
Herpes simplex virus infection,S3
Spondyloarthropathy,S5
Ventricular premature depolarization,S5
"Cardiomyopathy, dilated, 1KK",S7
Right eyelid blepharitis,S2
Simple partial seizure,S4
Chudley-Mccullough syndrome,S8
COPD,S6
Takatsuki syndrome,S8
Fracture of left pubic rami,S5
Lip lesion,S2
"Metabolic encephalomyopathic crises, recurrent, with rhabdomyolysis, cardiac arrhythmias, and neurodegeneration",S9
Bernard-Soulier syndrome,S8
Perichondritis,S4
Osteoporotic fracture,S5
Fracture of left toes,S3
Meniscopathy,S3
Hepatitis,S6
Felty syndrome,S7
Burns on face and hand,S5
Tibial tuberosity osteochondritis,S3
"Albinism, oculocutaneous, type II",S8
Visual acuity loss,S6
Atypical pneumonia,S5
Adenoviral conjunctivitis,S2
Sensorineural hearing loss,S5
Herniated disc,S4
Right ear otitis externa,S2
Supracondylar fracture of left humerus,S5
Muckle-Wells syndrome,S8
Hordeolum of the right eye,S1
Contact dermatitis,S2
Al Kaissi syndrome,S8
Right knee synovitis,S3
Rubinstein-Taybi syndrome,S8
Traumatic arthritis of left toes,S3
Apert syndrome,S8
Posttraumatic low back pain in pregnancy,S4
Gingival edema,S2
Poikiloderma with neutropenia,S8
"Cerebral dysgenesis, neuropathy, ichthyosis, and palmoplantar keratoderma syndrome",S9
Dental caries,S1
"Ehlers-Danlos syndrome, classic type, 2",S8
"Cutis laxa, autosomal recessive, type IA",S8
Knee pain,S2
Right knee hemarthrosis,S4
Angular cheilitis,S2
Simple hyperglycemia,S3
Paravertebral muscle contracture,S2
Podagra,S3
"Cutis laxa, autosomal recessive, type IIB",S8
Right otalgia,S2
Hematemesis,S6
Guttate psoriasis,S3
Tyrosinemia type 1,S9
Epiphysiolysis,S4
Galloway-Mowat syndrome 4,S9
Mandibulofacial dysostosis-microcephaly syndrome,S8
Suspected infectious mononucleosis,S3
Gingival disorder,S2
Follicular hyperkeratosis,S2
Acute laryngotracheitis,S4
Acute pharyngotonsillitis,S3
Hypoactive confusional state,S5
"Carnitine palmitoyltransferase II deficiency, myopathic, stress-induced",S8
Post-traumatic tibial tendinitis,S3
Lymphadenopathy,S3
"Spondyloepimetaphyseal dysplasia with joint laxity, type 1",S8
Desminopathy,S8
Simple finger wound,S1
Costal neuritis,S3
Intercostal muscle contracture,S3
Secondary palpitations,S3
Familial cold autoinflammatory syndrome 2,S8
"Stickler syndrome, type II",S8
Extensor tenosynovitis,S3
Left inguinal hernia,S4
Left foot sprain,S2
Endometrial polyp with metrorrhagia,S4
Resolved bronchiolitis,S2
Myofascial syndrome,S3
Poretti-Boltshauser syndrome,S8
Uvula edema,S4
Syndromic diarrhea,S6
Right ankle pain,S2
Vertigo,S3
Acute conjunctivitis,S2
Cervical osteoarthritis,S3
Cockayne syndrome A,S8
Dysenteric diarrhea,S4
Gout,S3
Scabies,S2
Acute urinary retention,S5
Eczema,S2
Left temporomandibular joint arthralgia,S2
Left eyebrow contusion,S1
COVID-19 viral infection,S4
Flaccid neuropathic bladder,S6
Erythema infectiosum,S2
Right eye stye,S1
Tympanic membrane perforation,S3
"Rett syndrome, congenital variant",S8
Alport syndrome,S7
Pleurodynia,S3
Thoracic spine pain,S2
"Ornithine transcarbamylase deficiency, hyperammonemia",S9
Dorsal muscle contracture,S2
"Biotinidase deficiencymultiple carboxylase deficiency, late-onset",S8
Right patella fracture,S3
Intestinal subocclusion,S6
Branchiooculofacial syndrome,S8
Mechanical dorsalgia,S2
Facial erythema,S1
Mild conjunctival hemorrhage,S1
Arterial ischemia,S7
Elliptocytosis 2,S6
Left patellar chondromalacia,S2
Viral respiratory infection,S2
Peutz-Jeghers syndrome,S7
Vulvar synechiae,S3
Hallux valgus,S2
Urticaria,S2
Uncomplicated COVID-19 infection,S3
Hamstring muscle strain,S2
Lip wound,S1
Joint pain,S2
Cervicogenic headache,S3
RTTN deficiency,S9
Lumbar osteoarthritis,S3
Stickler syndrome type 2,S7
Thumb sprain,S1
Cerebral infarction,S7
Left hand rhizarthrosis,S2
Atrial flutter,S6
Catarrhal otitis,S2
Heel contusion,S1
3-beta-hydroxysteroid dehydrogenase 2 deficiency,S8
Left knee synovitis,S2
Tonsillar abscess,S4
Bilateral external otitis,S2
Right leg muscle tear,S3
Right great toe sprain,S1
Lymphopenia,S3
Tuberous sclerosis-2,S7
Cutaneous abscess,S2
COVID-19 exposure,S2
Right wrist contusion-sprain,S2
Dysmorphic facies and ptosis,S3
Ischemic stroke,S7
Post-traumatic hematoma,S2
Brugada syndrome,S8
"Acyl-Coa dehydrogenase, short-chain, deficiency of",S8
Uvula angioedema,S3
Tonsillitis associated with COVID-19,S4
ACL injury,S3
Calcific tendinosis of rotator cuff,S2
Gouty arthritis,S3
Renal lithiasis,S3
Foreign body in nostril,S1
Costochondritis,S2
Meteorism,S1
Lithiasis,S3
Acute pericarditis,S6
Essential hypertension,S4
Osteoarthritis,S3
"Femur fracture, left",S5
Left supraspinatus tendinitis,S2
Cellulitis of right upper limb,S4
Neonatal intrahepatic cholestasis,S7
Multiple endocrine neoplasia type 1,S8
Allergic rhinitis,S2
Acute conjunctivitis of left eye,S2
Cornelia de Lange syndrome 1,S8
Ear foreign body,S1
Osgood-Schlatter disease,S2
Vaginitis,S2
Flu syndrome,S2
Grade II lateral ankle sprain,S2
Hiatal hernia,S3
Stickler syndrome,S7
Dorsalgia under investigation,S2
"Spastic paraplegia 45, autosomal recessive",S8
Dihydropteridine reductase deficiency,S8
Facial paresthesia,S2
Renal cysts and diabetes syndrome,S7
Right ciliary injection,S1
Cone-Rod dystrophy 2,S7
Aspiration pneumonitis,S5
Left thumb sprain,S1
Cough syncope,S3
Mild left heart failure,S6
Ankle contusion,S1
Left wrist synovitis,S2
Epulis gingival,S2
Epididymitis,S3
Situational reaction,S2
Holoprosencephaly 4,S9
Lumbar pain,S2
Acute viral pharyngitis,S2
Vasovagal syncope,S3
Post-traumatic cervical pain,S2
Accidental puncture injury,S2
"Osteogenesis imperfecta, type IX",S8
"Charcot-Marie-Tooth disease, demyelinating, type 1C",S7
Right wrist sprain,S1
Endocervical infection,S3
Finger contusion,S1
Low-energy frontal trauma,S2
Left thumb fracture,S3
Partial respiratory insufficiency,S6
"Ehlers-Danlos syndrome, classic-like, 2",S7
Trauma to fifth finger of right hand,S2
Eosinophilic granulomatosis with polyangiitis,S8
Knee seroma,S2
Musculoskeletal dorsalgia,S2
Crow-Fukase syndrome,S8
Humeral neck fracture,S4
Bruxism,S2
Avulsion fracture of proximal phalanx of left thumb,S3
Ankle fracture-dislocation,S4
Hyperglycemic decompensation,S5
Neutropenia,S6
Left third toe trauma,S2
Elevated D-dimer,S5
Left eye trauma,S3
Right foot wound,S2
Lumbar discopathy,S3
Left shoulder dislocation,S3
Tarsometatarsal tenosynovitis,S2
Dysuria,S2
Insect bites,S1
Left ankle tenosynovitis,S2
Argininemia,S8
Nemaline myopathy 4,S8
Right bronchopneumonia,S5
Vaginal candidiasis,S2
Obstructive uropathy,S5
Candidiasis,S2
Infection of right third finger,S2
Primary erythromelalgia,S6
Monoarthritis,S3
Left elbow cellulitis,S3
Neonatal Marfan syndrome,S8
glycogen debranching enzyme deficiency,S8
Viral lip inflammation,S1
Pearson marrow-pancreas syndrome,S9
Ichthyosis-hypotrichosis syndrome,S8
Acute low back pain with radiculopathy,S3
Nasal congestion,S1
"Otitis externa, right ear",S2
Oral aphthae,S1
Pulmonary nodule,S6
Streptococcal tonsillitis,S2
PFAPA syndrome,S6
Dyspnea,S5
Acute diverticulitis,S5
Bullous lesions,S3
Behcet syndrome,S7
Psychomotor retardation and characteristic facies 3,S8
"Dyskeratosis congenita, autosomal dominant 3",S8
Alzheimer disease 4,S7
Tonsillitis,S2
Benign neoplasm,S3
Short syndrome,S8
Myasthenia gravis,S7
Propionic acidemia,S8
Dysmenorrhea,S2
"Fructose-1,6-bisphosphatase deficiency",S8
Left humeral subcapital fracture,S4
Imerslund-Grasbeck syndrome,S8
"Platelet disorder, familial, with associated myeloid malignancy",S8
"Acromesomelic dysplasia, Maroteaux type",S8
Quadriceps strain,S2
Musculoskeletal intercostal pain,S2
Dog bite wound on right wrist,S2
Carnitine-acylcarnitine translocase deficiency,S8
Knee chondropathy,S3
Ocular contusion,S2
Adenovirus infection,S2
Recurrent diverticulitis,S5
Intercostal neuritis,S3
Chronic ankle sprain,S2
Mixed connective tissue disease,S7
Macrocephaly-intellectual disability-neurodevelopmental disorder-small thorax syndrome,S8
Acute left parotitis,S3
Post-surgical hemorrhage,S5
Branchio-oculo-facial syndrome,S8
Internal hemorrhoids,S2
Right hand wound,S1
Viral gastroenteritis,S2
Costal contusion,S1
Fourth metacarpal fracture,S2
Femoropatellar chondropathy,S3
Confusional syndrome,S6
Febrile urinary tract infection,S4
Pelvic pain,S2
Dizziness,S2
Soft tissue contusion,S1
Tendinitis,S2
Right basal pneumonia,S4
Shoulder bursitis,S2
Bacterial pharyngitis,S2
Mucus plug,S3
Bilateral interstitial pneumonia,S5
Superficial thrombophlebitis,S3
Very long chain acyl-CoA dehydrogenasedeficiency,S8
Eyelid edema,S1
Mechanical back pain,S2
Cryoglobulinemic vasculitis,S7
Dorsalgia due to osteoarthritis,S3
External hemorrhoid,S2
Right thigh contusion,S1
Mild traumatic brain injury,S3
Paraseptal emphysema,S4
Loeys-Dietz syndrome 2,S8
Supraventricular extrasystoles,S3
Chronic abdominal pain,S2
Back pain,S2
Ataxia-Pancytopenia syndrome,S8
Acute mechanical low back pain,S2
Right knee anserine tendinitis,S2
Non-consolidative respiratory infection,S3
Fetal Gaucher disease,S9
"Epileptic encephalopathy, early infantile, 4",S9
Radial fracture,S3
Foreign body in esophagus,S4
Ocular pain under investigation,S2
Hamstring injury,S2
Persistent bronchospasm,S4
Post-extraction pain,S2
Axillary dermatitis,S2
Hemoptysis,S4
Peripheral vertigo,S2
"Spherocytosis, type 5",S8
Cardiofaciocutaneous syndrome,S8
Traumatic arthritis of the right fifth toe,S2
Right hand finger contusion,S1
Right fifth toe fracture,S2
Chediak-Higashi syndrome,S8
Exacerbated COPD,S5
Inflammatory cervical adenopathy,S3
Bamforth-Lazarus syndrome,S8
Superficial vein thrombosis,S3
Severe bronchospasm,S5
Pancreatic adenocarcinoma under palliative treatment,S9
Dog bite,S2
Myhre syndrome,S8
Septic wound of left lesser toe,S4
Abdominal pain,S2
Anxiety attack,S2
Pharyngitis,S2
Self-limiting emetic syndrome,S2
Biotinidase deficiency,S8
Left-sided pneumonia,S4
Bronchiectasis with acute infection,S5
Panic disorder,S2
Tietze syndrome,S2
Cutaneous mycosis,S2
Multiple system atrophy,S8
Secondary infection,S3
Medium chain acyl-CoA dehydrogenase deficiency,S8
Infraauricular abscess,S3
Multiple system atrophy 1,S8
Right gastrocnemius muscle tear,S2
Gastrointestinal hemorrhage,S6
Tibia-fibula fracture,S4
Febrile syndrome,S3
Viral diarrhea,S2
Left fibula fracture,S3
Elbow osteoarthritis,S3
IgG4-RD,S8
Throat pain,S2
3-Methylcrotonyl-CoA carboxylase 1 deficiency,S8
Scleritis,S3
Uveitis,S3
Rotator cuff tendinitis,S2
Scalp wound,S1
Septic wound of right leg,S4
Reactive arthritis,S3
Nonspecific vomiting,S2
Acne,S2
Prodromal illness,S2
"Thrombotic thrombocytopenic purpura, hereditary",S8
Hawkinsinuria,S8
"Candidiasis, familial chronic mucocutaneous, autosomal recessive",S8
Mallet finger,S2
Right third metacarpal fracture,S2
Hypoalbuminemia,S3
Arthritis of fifth toe,S2
Meniscal injury,S3
Cellulitis of left fifth toe,S3
"Ceroid lipofuscinosis, neuronal, 1",S9
Contusion of fifth finger,S1
Hereditary orotic aciduria,S8
Right hip pain,S2
Craniofrontonasal syndrome,S8
Skraban-Deardorff syndrome,S9
Left hand contusion,S1
Bilateral acute conjunctivitis,S2
Renal failure,S7
Acute prostatitis,S4
Urinary tract infection,S3
Submandibular gland inflammation,S3
Respiratory infection,S3
Postoperative hematoma,S3
Post-surgical wound care,S3
Left fifth finger contusion,S1
Acute viral pharyngotonsillitis,S2
Left arm pain,S2
Allergic reaction,S3
Facial herpes zoster,S4
Smith-Magenis syndrome,S8
Viral exanthem,S2
Associated bronchospasm,S3
Cleidocranial dysplasia,S8
Viral pharyngotonsillitis,S2
Lumbosacral contusion,S2
Left ear otitis,S2
Sialoadenitis,S3
Right shoulder rotator cuff tendinitis,S3
"Hypothyroidism, athyroidal, with spiky hair and cleft palate",S8
Right eye hordeolum,S2
Polyuria,S2
Peroneal tendinitis,S3
Amyotrophic lateral sclerosis 1,S9
Appendicular mass,S6
Right fourth finger extensor avulsion,S3
Photopsia,S2
Tyrosinemia I,S9
Grade II ankle sprain,S2
Ecchymosis,S1
Right ring finger contusion,S1
Procedure not carried out,S0
Facial eczema,S2
Elbow fracture,S3
Tietz syndrome,S8
Hyporeactivity,S2
Polyarteritis nodosa,S7
Osteochondritis,S3
Bilateral conjunctivitis,S2
Calcific tendinitis of left shoulder,S3
Facial wound,S2
Umbilical hernia,S3
"Hypophosphatasia, adult",S8
Fifth metatarsal fracture,S3
Hyper-IgE recurrent infection syndrome,S8
Hypoesthesia,S2
"Intellectual developmental disorder with dysmorphic facies, seizures, and distal limb anomalies",S8
Calcaneal contusion,S2
Fracture of left clavicle,S3
Nemaline myopathy 7,S9
Right ear cerumen impaction,S1
Glutaryl-CoA dehydrogenase deficiency,S9
Mild parapneumonic pleural effusion,S3
Left hip trochanteric bursitis,S3
Transient diplopia,S2
"Autoimmune polyendocrinopathy syndrome , type I",S9
Abdominal discomfort,S2
Inflammatory lung disease,S6
Cornelia de Lange syndrome 3,S8
Mechanical chest pain,S2
glucose-6-phosphatase deficiency type Ib,S9
Diarrhea,S2
Rubinstein-Taybi syndrome 2,S8
Grade I left ankle sprain,S2
Congenital adrenal hyperplasia,S8
Focal segmental glomerulosclerosis 4,S9
Combined immunodeficiency-enteropathy spectrum,S9
Right epididymitis,S3
Temporomandibular arthritis,S3
Anterior shoulder dislocation,S3
Right foot tendinitis,S3
Foot tenosynovitis,S3
Traumatic arthritis of fifth toe,S3
Mild laryngitis,S2
Chronic obstructive pulmonary disease,S7
3-methylglutaconic aciduria type 4,S9
L5-S1 discopathy,S3
Dorsal contracture,S3
Foot pain,S2
Post-traumatic foot pain,S2
Left hand fifth metacarpal neck fracture,S3
Camurati-Engelmann disease,S8
Right ring finger sprain,S2
Tumor necrosis factor receptor 1 associated periodic syndrome,S9
Contusion of hip,S2
"Conjunctivitis, right eye",S2
Familial mediterranean fever,S4
"Neuropathy, hereditary sensory and autonomic, type IIB",S7
Autosomal recessive spastic paraplegia type 45,S7
Acute vulvitis,S3
Seborrheic keratosis,S1
McCune-Albright syndrome,S8
Jervell and Lange-Nielsen syndrome,S9
Bethlem myopathy 1,S6
Catarrhal syndrome,S2
"deficiency of n(5,10)-methylenetetrahydrofolatereductase activity",S8
Otitis externa,S3
Muscular origin,S2
"Albinism, oculocutaneous, type III",S5
Mononucleosis,S3
Cohen syndrome,S7
Post-traumatic metatarsalgia,S2
Otitis,S3
Genital infection,S3
Mild hyperkalemia,S4
"Microcephaly 3, primary, autosomal recessive",S8
Gout attack,S4
Right knee sprain,S2
Niemann-Pick disease type C,S9
Posterior thigh muscle tear,S3
Acute bronchitis with bronchospasm,S4
Citrullinemia type I,S9
Eyelid wound,S2
Right shoulder abscess,S3
Pes anserine tendinitis,S2
Left hemiface wound,S2
"Congenital disorder of glycosylation, type IIP",S9
Left hip fracture,S4
Prurigo,S2
Blackfan-Diamond anemia,S8
Lymphoproliferative process,S6
Atopic dermatitis,S3
Mild osteochondritis,S3
Viral atrial fibrillation,S6
Eroded hemorrhoid,S3
Postinfectious urticaria,S3
Tension headache,S2
Posttraumatic metatarsalgia,S2
Cornelia de Lange syndrome,S8
Volvulus,S7
Mild hand contusion,S1
Preseptal cellulitis,S4
Suppurative otitis media,S4
Disorientation,S3
Traumatic synovitis of right knee,S3
Viral hepatitis,S5
Analytical error,S1
Costal contracture,S2
Pubalgia,S2
Chronic gastritis,S3
Cholelithiasis,S4
Decompensated heart failure,S7
Right elbow sprain,S2
Right piriformis syndrome,S3
Dorsolumbar contusion,S2
Possible rotator cuff tendinopathy,S3
Frequent urination,S2
Thoracolumbar pain,S2
Rule out pulmonary embolism,S7
Lateral malleolus fracture,S3
Anaphylactic shock,S8
Chest wall burn,S4
Renal calculus expulsion,S4
Lumbago with sciatica,S3
Odontalgia,S2
Scrotal hematoma,S3
"Nondisplaced fracture of proximal phalanx, left fifth toe",S2
Fifth toe hematoma,S2
Genital infection under investigation,S3
Ibuprofen allergy,S3
Persistent pain,S3
"GM1-gangliosidosis, type III",S9
Early pregnancy,S2
Laryngeal involvement,S4
Moderate hyponatremia,S4
"Congenital disorder of glycosylation, type IIc",S9
Bronchiectasis with infection,S6
"Spherocytosis, type 4",S6
Autosomal dominant otospondylomegaepiphyseal dysplasia,S7
Right hand cellulitis,S4
Dog bite injuries,S3
Lowe syndrome,S8
Umbilical bleeding,S4
Asthmatic bronchitis,S4
Gastritis,S3
Vaginal irritation,S2
PEG tube complication,S5
Burn of left fingers,S3
Vitreous detachment,S3
Left shoulder contusion,S2
Glutaric acidemia type I,S9
Posterior tibial tendinitis,S3
Fifth finger fracture,S3
Surgical wound infection,S4
Thigh muscle tear,S3
Fracture of left pubis,S4
Trochanteric bursitis,S2
Mucopolysaccharidoses,S8
Acute right epididymo-orchitis,S4
"Mental retardation, autosomal recessive 18",S7
Acute viral tonsillitis,S3
Bronchiectasis,S5
Transient ischemic attack,S6
Patellar subluxation,S3
Ankle trauma,S2
Simple head trauma,S2
Left humerus fracture,S3
Mechanical dorsolumbar pain,S2
Thrombocytopenia 3,S5
Left lower limb edema,S3
Seizure,S6
Gastrointestinal defects and immunodeficiency syndrome,S8
Floaters,S1
Dorsalgia,S2
Hip contusion,S2
Donohue syndrome,S9
Urinary catheter infection,S4
"Hordeolum, left eye",S1
Massive left pleural effusion,S7
Rheumatoid factor-positive polyarticular juvenile idiopathic arthritis,S6
Post-traumatic subconjunctival hemorrhage,S1
Left orchitis,S3
N-acetylglutamate synthase deficiency,S9
Visual disturbance,S3
Left hand hematoma,S2
Torus fracture of distal radius,S3
Mechanical dorsolumbalgia,S2
Right conjunctivitis,S1
Myelitis,S7
Left finger cellulitis,S3
Urticarial vasculitis,S5
Fibrodysplasia ossificans progressiva,S9
Reactive lymphadenopathy,S3
Conjunctivitis,S1
Suspected melena,S5
"Congenital nephrotic syndrome, Finnish type",S8
Dry keratitis,S2
Supraclavicular pain,S2
Left ankle sprain,S2
Cervical sprain,S2
Cervicobrachial syndrome,S3
Post-traumatic knee enthesopathy,S3
Acute arthritis,S4
"Microcephaly 2, primary, autosomal recessive",S8
Injury to right thumb,S2
Hereditary fructose intoleranc,S7
Left trapezius contracture,S2
Distal radius fracture,S3
"Microcephaly, short stature, and polymicrogyria",S8
Associated pneumonia,S5
Left hip contusion,S2
Elbow sprain,S2
Atheroembolism,S7
Uncomplicated wound of right hand,S2
Chronic headache,S3
Respiratory failure,S8
Upper lip wound,S2
citrin deficiency,S8
Chondromalacia patellae,S3
Axillary mass,S3
Gluteal abscess,S3
Right rib trauma,S2
Nance-Horan syndrome,S7
Right leg pain,S2
Intellectual developmental disorder,S6
Low back pain,S2
"Parkinson disease 7, autosomal recessive early-onset",S7
Mild wrist sprain,S2
Hypoglycemia,S5
Marfan syndrome,S7
Scarlet fever,S4
Acute lumbosciatica,S3
Facial sensory disturbances,S3
Prostatocystitis,S4
Classic galactosemia,S8
Lower respiratory infection,S4
Contusion of right knee,S2
Pubic fracture,S3
Diaper dermatitis,S2
Right knee osteoarthritis,S3
Sinus arrhythmia,S3
Fracture of D11 and D12,S4
Mental retardation,S6
"Tubulointerstitial kidney disease, autosomal dominant, 1",S8
Trapezius muscle strain,S2
Subacromial impingement syndrome,S3
Right parotitis,S3
Finger trauma,S2
Patient left before treatment,S1
Intestinal colic,S2
Cervical spasm,S2
Left shoulder calcific tendinitis,S3
Contusion,S2
Lumbosciatica,S3
Lung inflammation,S5
Oral mucosal lesion,S2
Right hand finger wounds,S1
Compressed air weapon injury,S4
"Otitis media, left ear",S3
Viral tonsillitis,S2
Foreign body in soft tissue,S3
Acute rhinosinusitis,S2
Rectal hemorrhage,S4
Hyaline fibromatosis syndrome,S8
Persistent headache,S2
Muscle contracture dorsalgia,S2
Cellulitis,S4
Post-traumatic patellar tendinitis,S3
Flu-like syndrome,S2
Hemorrhagic cystitis,S4
Mild heart failure exacerbation,S6
Bacterial superinfection,S5
Holocarboxylase synthetas deficiency,S8
Posttraumatic cervicalgia,S2
"Tyrosinemia, type III",S8
Contaminated wound,S3
Wound on left index finger,S1
Wrist pain,S1
Right heel contusion,S1
Left gluteal abscess,S3
Possible pulmonary tuberculosis,S5
Acute gastritis,S2
Left lower lobe pneumonia,S4
"Niemann-pick disease, type B",S8
Surgical wound dehiscence,S5
Post-traumatic ankle tendinitis,S3
Prerenal acute kidney injury,S6
Acute metatarsalgia,S2
Trapezius muscle contracture,S2
Left shoulder pain,S1
Familial cold urticaria,S7
"Hyperinsulinemic hypoglycemia, familial, 2",S8
Acute constipation,S1
Axillary abscess,S3
Muscle strain,S1
Sexually transmitted infection,S4
T6-T7 vertebra fracture,S6
Vasovagal crisis,S2
"Hemophagocytic lymphohistiocytosis, familial, 2",S9
Mild sinusitis,S1
Rash,S2
Vici syndrome,S9
Knee synovitis,S2
"Porphyria, acute intermittent",S8
Nausea,S1
Injury under observation,S3
Migraine,S3
Hand arthritis,S3
Neck pain,S1
Right fourth toe fracture,S2
Long QT syndrome,S7
Accompanying headache,S1
General malaise,S1
Left middle finger contusion,S1
Alcohol-related nausea,S1
Succinic semialdehyde dehydrogenase deficiency,S8
Sinusitis,S2
Head trauma,S4
Acute epiglottitis,S6
Simple wound to left thumb,S1
Normocytic hypochromic anemia,S3
Left index finger wound,S1
"McCune-Albright syndrome, somatic, mosaic",S8
Bell's palsy,S4
Left foot pain,S1
Sensorineural deafness,S5
Toe trauma,S2
Left foot tarsal sprain,S2
Right grade II hydronephrosis secondary to upper ureteral lithiasis,S6
Right hip bursitis,S2
Right ear otitis,S3
Suprasyndesmotic fracture of right ankle,S5
"Mental retardation, autosomal dominant 7",S8
Atopy,S2
"Gaucher disease, perinatal lethal",S9
Multifactorial anemia,S3
Right otitis media,S3
Surgical wound disruption,S5
Eyelid paresthesia,S1
Systemic sclerosis,S7
"Niemann-pick disease, type C1",S9
Nonspecific urinary symptoms,S2
Anal erosion,S2
Cone rod dystrophy,S7
Parkinsonian-pyramidal syndrome,S7
Food intolerance,S2
Dorsal contusion,S1
Right gluteal contusion,S1
Shoulder tendinitis,S2
Left ear otitis media,S3
Vascular injury,S6
Vitamin B12-unresponsive methylmalonic acidemia,S9
Postprocedural hematoma,S4
Fracture of left sacral wing,S5
Familial cold autoinflammatory syndrome 3,S8
Pharyngotonsillitis,S2
Polyarthritis,S5
Tarsal ligament sprain,S2
Dental abscess,S3
Forearm tendinitis,S2
Corneal trauma,S4
Resolved corneal ulcer,S3
Alkaptonuria,S8
Bronchiolitis,S4
"Otitis media, right ear",S3
Emetic syndrome,S2
"Conjunctival hemorrhage, left eye",S1
Gastric ulcer,S4
Maple syrup urine disease,S9
"Ventricular tachycardia, catecholaminergic polymorphic, 3",S7
Right fifth toe contusion,S1
Alcohol intoxication,S3
Overflow diarrhea,S2
Shoulder sprain,S2
"Dystonia, DOPA-responsive",S7
Left external otitis,S2
Insomnia,S2
Upper respiratory congestion,S2
Partial nail plate detachment,S1
Helicobacter pylori infection,S3
Foot trauma,S2
Trauma to left toe,S2
Acute streptococcal tonsillitis,S3
Left otitis media,S3
Krabbe disease,S9
SIADH,S6
Leprechaunism,S9
Post-traumatic left hip pain,S2
Enterovirus infection,S3
Finger interphalangeal joint sprain,S2
Nijmegen breakage syndrome,S9
Adjustment disorder,S2
Cervical and lumbar pain,S2
Beaulieu-Boycott-Innes syndrome,S8
Kimura disease,S6
Conjunctival tumor,S5
Subacromial syndrome,S3
Left little finger proximal phalanx fracture,S3
3-beta-hydroxysteroid dehydrogenase deficiency,S9
Minimal cranial trauma,S2
Corneal erosion,S3
Lower respiratory tract infection,S4
Pilonidal sinus,S3
IgG4-related retroperitoneal fibrosis,S7
Contusion of right index finger,S1
Pharyngeal foreign body,S5
"Stickler syndrome, type I",S7
Glycogen storage disease,S8
Simple cranial trauma,S2
Ingrown nail,S1
Olecranon bursitis,S2
"Adrenal hyperplasia, congenital",S9
Paroxysmal supraventricular tachycardia,S6
Right gluteal burn,S3
Right little finger wound,S1
"Hyperphenylalaninemia, bh4-deficient, C",S8
Bronchial disorder,S3
Nasal fissure,S1
Basal pneumonia,S4
"Brugada Syndrome, BrS",S7
Acute glaucoma,S6
Heart failure,S7
Cutaneous herpes zoster,S3
Cutaneous allergic reaction,S2
"Cerebellar ataxia, areflexia, pes cavus, optic atrophy, and sensorineural hearing loss",S8
Pain,S2
3-methylglutaconic aciduria type 1,S8
"Distal myopathy, Tateyama type",S7
Hypertension,S3
Acute bilateral otitis media,S3
Resolving bronchitis,S3
Dark stools,S2
Focal segmental glomerulosclerosis 3,S7
Hypotrichosis with juvenile macular degeneration,S8
Left wrist contusion,S1
Right blepharitis,S2
Conjunctival hyperemia,S1
Severe generalized junctional epidermolysis bullosa,S10
heart,S5
Bilateral bronchopneumonia,S5
Persistent bronchiolitis,S4
Head wound,S2
Left conjunctivitis,S2
Right gastrocnemius injury,S3
Genitourinary symptoms,S2
Autosomal dominant hyper-IgE syndrome,S8
Chronic sinusitis,S3
Left ring finger fracture,S3
COPD exacerbation,S6
Microcephalic cortical malformations-short stature,S8
Enterobiasis,S2
Left hand arthritis,S3
Acute febrile syndrome,S3
Bilateral talalgia,S2
Autosomal dominant Charcot-Marie-Tooth disease type 2A2,S7
Acute enteritis,S3
"Arthrogryposis, distal, type 2A",S8
Developmental and epileptic encephalopathy 14,S9
Leg pain,S1
Congenital contractural arachnodactyly,S7
Suspected epiphysiolysis,S4
Vulvovaginitis,S2
Acute uncomplicated appendicitis,S5
Felon,S3
Spondyloepimetaphyseal dysplasia with joint laxity,S8
Dog bite injury,S4
Normocytic normochromic anemia,S3
"Familial Mediterranean fever, AR",S6
Amyotrophic lateral sclerosis,S10
Left ureteral lithiasis with grade II retrograde pyelocaliectasis,S5
Right upper lobe pneumonia,S4
Right finger cellulitis,S3
Suspected otosclerosis,S2
Suprapatellar bursitis,S2
"Lumbosciatica, left side",S3
Obstructive jaundice,S6
"Nephrotic syndrome, type 1",S7
Shoulder abscess,S4
Familial Idiopathic restrictive cardiomyopathy,S9
"Myasthenic syndrome, congenital, 22",S8
Sarcoidosis,S6
Lumbalgia,S2
"Encephalopathy, neonatal severe, with lactic acidosis and brain abnormalities",S9
Epigastralgia,S1
Left hip pain,S1
Mild ankle trauma,S1
Van den Ende-Gupta syndrome,S8
Acute cholecystitis,S5
Grade I epiphysiolysis,S4
"Ehlers-Danlos syndrome, musculocontractural type 1",S8
Biceps brachii muscle strain,S2
Acute bronchiolitis,S3
Post-traumatic arthritis of right hand,S3
Fibular malleolus fracture,S4
"Muscular dystrophy, limb-girdle, type 2Z",S8
Constitutional syndrome,S3
Fracture of ulna and radius,S4
Forefoot contusion,S1
Traumatic brain injury,S7
Primary sclerosing cholangitis,S8
"Hypotonia, infantile",S7
Grade I deltoid ligament sprain,S2
Dental pain,S1
Post-surgical complication,S6
Acute otitis media,S2
Chest and abdominal discomfort,S2
Right knee pain,S1
Contusion of hand,S1
Focal segmental glomerulosclerosis 7,S8
"Spastic paraplegia 76, autosomal recessive",S8
Left hand wound,S2
Acute diarrhea,S2
Right foot metatarsalgia,S2
Cinca syndrome,S9
Cellulitis of right finger,S3
Post-traumatic neuritis,S3
Acute myringitis,S2
Aarskog-Scott syndrome,S7
Pseudoachondroplasia,S8
Trauma,S4
Left forearm trauma,S3
Flank pain,S2
Malaise,S1
Interciliary wound,S1
Abscess,S3
Mild trauma,S1
Patellar dislocation,S3
Orchitis,S3
"Toe trauma, right foot",S2
Inflammatory adenopathy,S3
Ankle sprain,S2
Ornithinemia,S7
Facial contusions,S2
Mild dorsolumbar contusion,S1
Gouty monoarthritis,S3
Pneumonia,S4
Transient confusional state,S3
Galactosialidosis,S9
Chronic maxillary sinusitis,S3
"Glomerulosclerosis, focal segmental, 5",S8
Wrist sprain,S2
Viral syndrome,S2
Autosomal recessive primary microcephaly,S8
Nonspecific rash,S1
Wound on left hand,S2
"Ichthyosis, congenital, autosomal recessive 11",S8
Posterior tibial dysfunction,S3
General deterioration,S4
Left index finger interphalangeal joint sprain,S2
Hyperammonemia,S7
Post-traumatic right shoulder pain,S2
Left knee sprain,S2
"Diarrhea 3, secretory sodium, congenital",S8
"Hypophosphatemic rickets, X-linked dominant",S8
Elbow contusion,S1
"Amyotrophic lateral sclerosis 4, juvenile",S10
Frontal bone fracture,S3
Congenital hyperinsulinemic hypoglycemia,S8
"Acute otitis media, right ear",S2
Adverse drug reaction,S4
"Neuropathy, hereditary sensory and autonomic, type II",S7
Cutaneous rash,S1
Chlamydial infection,S2
"Microcephaly, primary autosomal recessive, 6",S9
Extensor tendinitis of left wrist,S2
Ankle ligament sprain,S2
Autosomal recessive spastic paraplegia type 76,S8
Piriformis syndrome,S3
Patellar tendinitis,S2
Chronic gingivitis,S1
"Mucopolysaccharidosis, type II",S9
Viral pneumonia,S4
"Carbamoyl phosphate synthetase I deficiency, hyperammonemia",S10
Orofaciodigital syndrome type 5,S9
Basal ganglia hypodensity,S7
"3-Methylglutaconic aciduria with deafness, encephalopathy, and leigh-like syndrome",S10
Infectious urticaria,S2
Mydriasis,S1
"Fructose intolerance, hereditary",S8
Infection of the hard palate mucosa,S3
Allergic conjunctivitis,S1
Anexial mass,S4
"Bleeding disorder, platelet-type, 15",S8
Thoracic contusion,S2
Transient global amnesia,S5
Elbow bursitis,S2
Sebaceous cyst,S1
Cranial contusion,S3
Chronic atrial fibrillation,S6
"Multiple endocrine neoplasia, type IIA",S9
Metatarsal tenosynovitis,S2
Left elbow epicondylitis,S2
Left cervicobrachial syndrome,S3
"Renal cell carcinoma, xp11-associated",S9
Mechanical low back pain,S2
Nemaline myopathy 3,S9
Polyarticular pain syndrome,S3
"Mental retardation, autosomal dominant 42",S8
"Citrullinemia, classic",S10
Finger cellulitis,S3
Classical Ehlers-Danlos syndrome,S8
Epigastric hernia,S3
Autoimmune lymphoproliferative syndrome,S9
Hormonal imbalance,S3
Left ankle-foot trauma,S3
Anxiety disorder,S3
D10 vertebral fracture,S4
Uvulitis,S2
Wrist tendinitis,S2
Asthma exacerbation,S5
Hand contusion,S2
Upper respiratory viral infection,S1
Antisynthetase syndrome,S8
Post-dental extraction bleeding,S2
"Fanconi anemia, complementation group I",S9
Nasal contusion,S1
Left radius fracture,S3
Spinal muscular atrophy with progressive myoclonic epilepsy,S10
Postprocedural state,S3
Boucher-Neuhauser syndrome,S9
Bronchial hyperreactivity,S3
Non-displaced nasal fracture,S2
Mucolipidosis II alpha,S10
Fracture of proximal phalanx of right lesser toe,S2
Benign prostatic hyperplasia,S2
Suicidal ideation,S5
Left scaphoid lesion,S3
Acute dorsalgia,S2
Papilloma,S1
Exudative pharyngotonsillitis,S2
Isovaleric acedemia,S10
"Tyrosinemia, type I",S10
Quadriceps overload,S2
Cutaneous tinea,S2
Ear pain,S1
Chemical conjunctivitis,S2
Baker's cyst,S2
Left ear otitis externa,S2
Pruritic papules,S1
Primary Sjogren syndrome,S7
Leukopenia,S5
Dehydration,S4
Oculocerebrorenal syndrome of Lowe,S9
Fracture of right middle finger,S3
Oculocutaneous albinism type 2,S8
Left great toe contusion,S2
Subacute diarrhea,S2
Allergic eczema,S2
Subungual hematoma,S2
Nonspecific leg pain,S2
Possible vitreous detachment,S3
Right foot contusion,S2
Fibula fracture,S3
Right leg thrombophlebitis,S4
Spondylolisthesis,S4
"Ataxia, early-onset",S8
With oculomotor apraxia,S8
Wilson disease,S7
Mucolipidosis IV,S9
Cervical pain due to muscle contracture,S2
Arginase deficiency,S8
"Epidermal burn, right hand fingers",S2
Prolonged cough,S3
Partially treated urinary infection,S4
Post-traumatic knee pain,S2
Ulnar neuropathy,S3
Traveler's diarrhea,S2
Intellectual disability-coarse face-macrocephaly-cerebellar hypotrophy syndrome,S9
Internal hemorrhoid,S3
Mild acute bronchospasm,S3
Right wrist pain,S2
Psoriasis,S3
Wrist contusion,S2
Juvenile amyotrophic lateral sclerosis,S10
"Bartter syndrome, type 4A, neonatal",S8
Global respiratory failure,S9
Hand cellulitis,S4
Facial contusion,S2
Possible food poisoning,S3
Anterior tibial tendinitis,S3
Nail-patella syndrome,S6
Methylmalonic acidemia,S9
Vomiting,S2
Glycogen storage disease Ib,S8
Baker‚Äôs cyst,S3
Dry cough,S2
Cerebellar ataxia-areflexia-pes cavus-optic atrophy-sensorineural hearing loss syndrome,S9
Ankle and foot tenosynovitis,S3
Cystinuria,S6
Functional vomiting,S3
Resolved hypertensive crisis,S4
Bilateral frontoparietal polymicrogyria,S9
Left gluteal wart,S2
Autoimmune polyendocrinopathy type 1,S8
Mild extensor tenosynovitis of right hand fingers,S2
Diplopia,S3
Minimal parasagittal frontal hyperintensity,S3
Quadriceps contracture,S3
Hand pain,S2
Erythema multiforme,S4
Chronic foot ulcer,S5
Tympanic irritation,S2
Giant cell arteritis,S6
Left femoral pain,S3
Muscle pain,S2
"Leukocyte adhesion deficiency, type I",S9
Dysesthesia,S3
Common cold,S1
"Osteogenesis imperfecta, type XII",S9
Pantothenate kinase-associated neurodegeneration,S9
Hypertensive crisis,S5
Hypomyelinating leukodystrophy,S9
Gyrate atrophy of choroid and retina,S8
Ischial lesion,S3
Mechanical cervical pain,S2
L1 vertebra fracture,S5
Post-obstructive renal failure,S6
Neurodevelopmental disorder,S4
Chronic hypertension,S4
Respiratory disorder,S4
Acute tracheobronchitis,S3
Mucous cyst,S2
Right fibular malleolus fracture,S5
"Emery-Dreifuss muscular dystrophy 3, autosomal recessive",S8
Dysphonia,S2
"Acyl-Coa dehydrogenase, medium-chain, deficiency of",S8
POEMS syndrome,S9
Non-infectious COPD exacerbation,S5
Foot contusion,S2
Exacerbated chronic obstructive pulmonary disease,S5
Tenosynovitis of left foot,S3
Open wound of right hand,S3
Cough,S2
Vasovagal presyncope,S3
Spastic paraplegia type 7,S8
Fracture of left little finger,S3
Herpangina,S3
Possible left fibular epiphysiolysis,S4
Peritonsillar abscess,S5
"Neutropenia, severe congenital, 4, autosomal recessive",S9
Vestibular migraine,S3
Facial trauma,S3
Left ring finger wound,S2
Noninfective gastroenteritis,S3
"Spastic paraplegia 7, autosomal recessive",S8
Chemical pneumonitis,S6
Systemic sclerosi,S7
"Trichorhinophalangeal syndrome, type I",S6
Cervical muscle contracture,S3
Right-sided otitis media,S3
Cerumen impaction,S2
Mild hypokalemia,S3
"Spastic paraplegia 10, autosomal dominant",S8
"Citrullinemia, type II, neonatal-onset",S9
Scaphoid fracture,S4
Bardet-Biedl syndrome 5,S8
Bethlem myopathy,S8
"Myopathy, centronuclear, autosomal dominant",S8
Mild hyponatremia,S3
Upper respiratory infection,S2
Rotator cuff tendinosis,S3
Homocystinuria,S8
Right eyelid inflammation,S2
Right cervicobrachial syndrome,S3
Streptococcal pharyngitis,S3
"Cardiomyopathy, familial hypertrophic",S7
Brain mass,S7
Hematospermia,S2
"Ventricular tachycardia, catecholaminergic polymorphic, 1",S9
"Polyneuropathy, organomegaly, endocrinopathy, monoclonal gammopathy, and skin changes syndrome",S8
Ornithine transcarbamylase deficiency,S9
White coat hypertension,S2
Urinary infection,S3
"Spastic ataxia 8, autosomal recessive",S8
Supraventricular tachycardia,S6
Hepatic cytolysis,S7
Left little finger contusion,S1
Intellectual disability,S5
Dorsolumbalgia,S2
Occipital scalp wound,S2
Dermatosis,S2
"Osteogenesis imperfecta, type XV",S9
Abdominal distension,S3
Right ring finger interphalangeal joint sprain,S2
Hypophosphatemic rickets,S8
Contusion of elbow,S1
Normocytic anemia,S4
"Microcephaly, primary autosomal recessive, 1",S8
Hamstring strain,S2
"Methylmalonic aciduria, vitamin B12-responsive, cblA type",S9
Dermatomycosis of prepuce,S2
Right fifth metatarsal fracture,S3
Superficial cellulitis,S3
Angioedema,S5
Forearm contusion,S1
De Quervain's tenosynovitis,S3
"Congenital disorder of glycosylation, type IIh",S9
"Epilepsy, focal, with speech disorder",S7
Carnitine palmitoyltransferase I deficiency,S9
Right wrist arthritis,S3
Lumbar trauma,S4
Anxiety,S3
Right knee contusion,S1
Neurodegeneration with brain iron accumulation 1,S9
Cellulitis of left foot,S4
Musculocontractural Ehlers-Danlos syndrome,S9
Ocular pain,S2
Ear lobe wound,S1
Wiedemann-Steiner syndrome,S8
Chronic pharyngitis,S3
Hypoactive confusion syndrome,S5
Acute suppurative otitis media,S3
Vaginal mycosis,S2
Muscle contracture,S3
Respiratory infection with mild bronchospasm,S3
Anal fissure,S3
Midfoot sprain,S2
Mononucleosis syndrome,S3
Post-surgical pain,S3
Muenke syndrome,S8
Left knee friction wound,S1
3-Hydroxy-3-Methylglutaryl-Coa lyase deficiency,S9
Esophageal foreign body,S7
Skin rash,S2
Acute plantar fasciitis,S3
Left toe paronychia,S2
Partial respiratory failure,S7
Achilles tendon rupture,S4
Pearson syndrome,S9
Noninfective gastroenteritis and colitis,S3
Burns to neck and face,S6
Acute tonsillitis,S3
Hyperekplexia 1,S8
Mild bronchospasm,S2
Right peroneal tendinitis,S3
Short chain acyl-CoA dehydrogenase deficiency,S9
Cervical lymphadenopathy,S3
Maxillary sinusitis,S3
Intercostal contracture,S3
Nail plate detachment,S2
Diabetes mellitus type 1,S5
3-hydroxy-3-methylglutaric aciduria,S9
Conjunctival hemorrhage,S2
Headache,S2
Mild secondary bronchial hyperreactivity,S3
Fecal impaction,S3
Post-traumatic tendinitis,S3
Classic congenital adrenal hyperplasia,S8
Mild allergic reaction,S2
Finger dislocation,S3
Loeys-Dietz syndrome 1,S9
Coccyx contusion,S1
Catheter removal,S1
Pediatric systemic lupus erythematosus,S8
Cervical contusion,S2
Knee osteoarthritis,S4
21-hydroxylase deficiency,S8
Right elbow subluxation,S3
Right breast study,S0
Greater tuberosity fracture,S4
Right ankle sprain,S2
Secondary gastritis/esophagitis,S3
"Mandibulofacial dysostosis, Guion-Almeida type",S8
Recurrent herpes zoster keratitis,S5
TBCK-related intellectual disability syndrome,S9
Allergic prurigo,S2
Nasal chondritis,S3
Torticollis,S3
Left knee contusion,S1
Left gastrocnemius muscle tear,S3
Post-traumatic dorsalgia,S3
Left trapezius muscle contracture,S2
Rotator cuff tendinopathy,S3
Presyncope,S3
Very long-chain acyl-CoA dehydrogenase deficiency,S8
"mental retardation syndrome, X-linked",S8
Candidal balanitis,S2
Left hand paresthesia,S2
Refsum disease,S9
Niemann-Pick disease type B,S9
Paroxysmal atrial fibrillation,S6
"Charcot-marie-tooth disease, axonal, type 2A2A",S7
Hypertensive urgency,S6
Glycogen storage disease VI,S8
Foreign body in pharynx,S5
Acute viral respiratory infection,S2
Takayasu arteritis,S8
Abdominal abscess,S6
Mastodynia,S2
Bone edema,S3
Right paracardiac pneumonia,S5
Suspected facial allergic reaction,S2
Blepharoconjunctivitis,S2
Serous otitis media,S2
STAR syndrome,S9
Allergic reaction to contrast,S4
Achilles tendinitis,S3
Onychomycosis,S2
Traumatic arthritis,S3
Intellectual disability-seizures-abnormal gait-facial dysmorphism syndrome,S9
L-2-hydroxyglutaric aciduria,S9
Focal segmental glomerulosclerosis 8,S8
Bronchoaspiration,S6
Hemorrhoidal congestion,S2
Tension-type headache,S2
Left lumbosciatica,S3
"Ankle sprain, left",S2
Irritative cough,S2
Left wrist sprain,S2
Esophageal impaction,S5
Hand-foot-mouth syndrome,S3
Finger extensor tendon injury,S3
Oncologic pain,S6
Paroxysmal nocturnal hemoglobinuria,S9
Hematuria,S3
Mallet finger of the fourth digit,S2
Nasal bone fracture,S3
Perioral dermatitis,S2
Chitayat syndrome,S9
hepatorenal hyrosinemia,S9
Left ankle pain,S2
Asthenia,S2
"Contractural arachnodactyly, congenital",S8
Hypophosphatasia,S8
"Renal cell carcinoma, papillary, 1, familial and somatic",S8
